Number,Count,P
15,1,0.01
16,2,0.011
17,3,0.012
18,4,0.013
19,5,0.014
20,6,0.015
21,7,0.016
22,8,0.017
23,9,0.018
24,10,0.019
25,11,0.02
26,12,0.021
27,13,0.022
28,14,0.023
29,15,0.024
30,16,0.025
31,15,0.026
32,14,0.027
33,13,0.028
34,12,0.029
35,11,0.03
36,10,0.031
37,9,0.243243243
38,8,0.210526316
39,7,0.179487179
40,6,0.15
41,5,0.12195122
42,4,0.095238095
43,3,0.069767442
44,2,0.045454545
45,1,0.022222222
